{"stats/train_loss": [[1523754412.1236837, 99, 0.8759420603513718], [1523754413.290844, 199, 0.7628534215688706], [1523754414.530962, 299, 0.7493363761901856], [1523754415.6810322, 399, 0.6791129064559936], [1523754416.8350053, 499, 0.6578622272610665], [1523754417.994829, 599, 0.6575692760944366], [1523754419.1323695, 699, 0.6041352421045303], [1523754420.2866127, 799, 0.6052486202120781], [1523754421.4499884, 899, 0.5766088807582855], [1523754422.5875762, 999, 0.5946209535002709], [1523754423.703296, 1099, 0.5338996668159962], [1523754424.846532, 1199, 0.5257084292173385], [1523754425.990884, 1299, 0.5402216798067093], [1523754427.130129, 1399, 0.510470312088728], [1523754428.2679276, 1499, 0.5065273147821426], [1523754429.3978565, 1599, 0.5077648201584816], [1523754430.5244036, 1699, 0.4556639388203621], [1523754431.6703773, 1799, 0.4738082146644592], [1523754432.8099482, 1899, 0.467423889786005], [1523754433.9604995, 1999, 0.44258262768387796], [1523754435.1001282, 2099, 0.45544609278440473], [1523754436.2573426, 2199, 0.4505344989895821], [1523754437.389198, 2299, 0.4195451067388058], [1523754438.5059083, 2399, 0.4162849283218384], [1523754439.6712806, 2499, 0.41219349652528764], [1523754440.8229487, 2599, 0.4076273536682129], [1523754441.9569764, 2699, 0.4066254585981369]], "stats/train_acc": [[1523754412.1237407, 99, 0.6221875], [1523754413.290899, 199, 0.679375], [1523754414.5310106, 299, 0.6790625], [1523754415.681103, 399, 0.71875], [1523754416.835061, 499, 0.7271875], [1523754417.9948807, 599, 0.7271875], [1523754419.1324246, 699, 0.7484375], [1523754420.2866783, 799, 0.755625], [1523754421.4500418, 899, 0.7621875], [1523754422.5876284, 999, 0.75375], [1523754423.7033505, 1099, 0.7815625], [1523754424.8465955, 1199, 0.7784375], [1523754425.9909384, 1299, 0.7753125], [1523754427.1301992, 1399, 0.7965625], [1523754428.2679803, 1499, 0.79], [1523754429.397911, 1599, 0.7853125], [1523754430.5244575, 1699, 0.8165625], [1523754431.6704338, 1799, 0.8146875], [1523754432.8100057, 1899, 0.8146875], [1523754433.9605558, 1999, 0.8234375], [1523754435.100184, 2099, 0.819375], [1523754436.2573943, 2199, 0.8203125], [1523754437.389256, 2299, 0.8384375], [1523754438.5059593, 2399, 0.8346875], [1523754439.6713352, 2499, 0.8365625], [1523754440.8230016, 2599, 0.8409375], [1523754441.957033, 2699, 0.839375]], "stats/validation_loss": [[1523754412.1237764, 99, 0.8129036128520966], [1523754413.2909496, 199, 0.7848011314868927], [1523754414.5310535, 299, 0.6818641126155853], [1523754415.6811528, 399, 0.6437626302242279], [1523754416.8350966, 499, 0.6436152517795563], [1523754417.9949143, 599, 0.6276336252689362], [1523754419.1324618, 699, 0.6226426482200622], [1523754420.2867177, 799, 0.5998393714427948], [1523754421.4500768, 899, 0.6147819221019745], [1523754422.587663, 999, 0.5989546120166779], [1523754423.7033868, 1099, 0.5819695174694062], [1523754424.8466387, 1199, 0.6201907336711884], [1523754425.990975, 1299, 0.5768743038177491], [1523754427.130261, 1399, 0.5934486508369445], [1523754428.268015, 1499, 0.5745330870151519], [1523754429.3979473, 1599, 0.5997904360294342], [1523754430.5244918, 1699, 0.5863029599189759], [1523754431.6704714, 1799, 0.6144297361373902], [1523754432.8100438, 1899, 0.5829945981502533], [1523754433.960593, 1999, 0.5866520047187805], [1523754435.1002204, 2099, 0.6053001105785369], [1523754436.257428, 2199, 0.6016442716121674], [1523754437.3892956, 2299, 0.6005655705928803], [1523754438.505993, 2399, 0.6149774014949798], [1523754439.6713712, 2499, 0.5811953604221344], [1523754440.8230367, 2599, 0.586041384935379], [1523754441.95707, 2699, 0.5900688409805298]], "stats/validation_acc": [[1523754412.1238081, 99, 0.6527777777777778], [1523754413.2909882, 199, 0.6590277777777778], [1523754414.5310805, 299, 0.6965277777777777], [1523754415.6812012, 399, 0.6965277777777777], [1523754416.835127, 499, 0.6965277777777777], [1523754417.9949446, 599, 0.7215277777777778], [1523754419.132494, 699, 0.7104166666666667], [1523754420.2867508, 799, 0.7291666666666667], [1523754421.4501078, 899, 0.7479166666666667], [1523754422.587693, 999, 0.7402777777777778], [1523754423.703418, 1099, 0.7465277777777778], [1523754424.8466947, 1199, 0.7291666666666667], [1523754425.991007, 1299, 0.7604166666666667], [1523754427.1302972, 1399, 0.7618055555555555], [1523754428.2680457, 1499, 0.7590277777777777], [1523754429.397979, 1599, 0.7680555555555555], [1523754430.524522, 1699, 0.7715277777777778], [1523754431.6705034, 1799, 0.7430555555555556], [1523754432.810077, 1899, 0.7493055555555556], [1523754433.9606252, 1999, 0.7729166666666667], [1523754435.1002533, 2099, 0.7493055555555556], [1523754436.2574573, 2199, 0.7604166666666667], [1523754437.3893304, 2299, 0.7666666666666667], [1523754438.5060227, 2399, 0.7604166666666667], [1523754439.6714025, 2499, 0.7729166666666667], [1523754440.8230672, 2599, 0.7743055555555556], [1523754441.9571023, 2699, 0.7729166666666667]], "hyperparameters": {"current_run": 1, "num_epochs": 10, "batch_size": 32, "log": "logs/twitter/best_dcnn", "model": "dcnn", "learning_rate": 0.01, "embedding_dim": 200, "eval_period": 100, "optim": "adagrad", "dataset": "twitter", "track_mistakes": false}, "title": "best_dcnn_twitter_run-1"}