{"stats/train_loss": [[1523754249.7793064, 99, 0.8513587448000908], [1523754251.4050705, 199, 0.7818572488427162], [1523754253.0741332, 299, 0.7359780633449554], [1523754254.7681072, 399, 0.6945768252015114], [1523754256.4328384, 499, 0.6697979429364205], [1523754258.1167448, 599, 0.6354792848229408], [1523754259.7337215, 699, 0.6165914511680604], [1523754261.4001307, 799, 0.608144680261612], [1523754263.0596778, 899, 0.5683095920085907], [1523754264.6865668, 999, 0.5737418630719184], [1523754266.328332, 1099, 0.5377479383349418], [1523754267.961813, 1199, 0.5214656186103821], [1523754269.6193833, 1299, 0.5238442596793175], [1523754271.2776942, 1399, 0.5205037969350815], [1523754272.905806, 1499, 0.5002422946691513], [1523754274.545053, 1599, 0.4958430440723896], [1523754276.1916335, 1699, 0.47120854794979095], [1523754277.8369136, 1799, 0.47427607744932176], [1523754279.4794226, 1899, 0.46537324011325837], [1523754281.1300092, 1999, 0.45388178765773773], [1523754282.811452, 2099, 0.4557218086719513], [1523754284.483468, 2199, 0.4447440196573734], [1523754286.2511597, 2299, 0.42689683482050894], [1523754287.9995146, 2399, 0.43902004927396776], [1523754289.658108, 2499, 0.40037682458758356], [1523754291.349734, 2599, 0.400427176207304], [1523754293.1442428, 2699, 0.410230071246624]], "stats/train_acc": [[1523754249.7793534, 99, 0.6396875], [1523754251.4051154, 199, 0.6684375], [1523754253.0741825, 299, 0.6953125], [1523754254.7681532, 399, 0.705625], [1523754256.4328885, 499, 0.72625], [1523754258.1167943, 599, 0.73375], [1523754259.7337697, 699, 0.7540625], [1523754261.400179, 799, 0.7421875], [1523754263.0597205, 899, 0.7665625], [1523754264.6866128, 999, 0.760625], [1523754266.3283768, 1099, 0.7771875], [1523754267.9618604, 1199, 0.788125], [1523754269.6194313, 1299, 0.7859375], [1523754271.2777424, 1399, 0.78875], [1523754272.9058547, 1499, 0.8034375], [1523754274.5451012, 1599, 0.7990625], [1523754276.191683, 1699, 0.8090625], [1523754277.8369622, 1799, 0.808125], [1523754279.4794717, 1899, 0.8134375], [1523754281.1300564, 1999, 0.8128125], [1523754282.811501, 2099, 0.81375], [1523754284.4835362, 2199, 0.8221875], [1523754286.2512093, 2299, 0.8278125], [1523754287.9995632, 2399, 0.8234375], [1523754289.6581557, 2499, 0.84375], [1523754291.3497832, 2599, 0.840625], [1523754293.144292, 2699, 0.835]], "stats/validation_loss": [[1523754249.7793841, 99, 1.0232625463821368], [1523754251.4051447, 199, 0.7983830884182254], [1523754253.0742147, 299, 0.7917698723310865], [1523754254.7681828, 399, 0.7120987449944353], [1523754256.4329221, 499, 0.6972863735766385], [1523754258.1168275, 599, 0.7071196616694914], [1523754259.7338011, 699, 0.6574185079369466], [1523754261.4002106, 799, 0.6623082277495101], [1523754263.0597482, 899, 0.6424473343448266], [1523754264.6866431, 999, 0.6417946714762203], [1523754266.3284068, 1099, 0.6368152937909078], [1523754267.961892, 1199, 0.6235117272957743], [1523754269.619463, 1299, 0.6010485919161216], [1523754271.2777739, 1399, 0.6025667734985245], [1523754272.9058867, 1499, 0.624551121582532], [1523754274.545134, 1599, 0.5889454409896329], [1523754276.1917152, 1699, 0.5865510145212685], [1523754277.8369944, 1799, 0.5942941804171941], [1523754279.4795032, 1899, 0.5936835589688584], [1523754281.1300883, 1999, 0.5823827400054346], [1523754282.8115327, 2099, 0.5945300563920144], [1523754284.4835725, 2199, 0.5848711109694156], [1523754286.2512407, 2299, 0.5885980756089674], [1523754287.999595, 2399, 0.5813213864851264], [1523754289.658187, 2499, 0.5958564760964676], [1523754291.349815, 2599, 0.5835010754829012], [1523754293.1443245, 2699, 0.584013966125483]], "stats/validation_acc": [[1523754249.7794106, 99, 0.6256733838786911], [1523754251.40517, 199, 0.650987629688747], [1523754253.0742424, 299, 0.6598912609736631], [1523754254.7682087, 399, 0.6937599760574621], [1523754256.4329505, 499, 0.7014914205905827], [1523754258.1168559, 599, 0.6977753391859537], [1523754259.7338285, 699, 0.7211193136472466], [1523754261.4002385, 799, 0.7265313248204309], [1523754263.0597725, 899, 0.7328661213088588], [1523754264.6866803, 999, 0.7369313647246608], [1523754266.3284326, 1099, 0.7409467278531524], [1523754267.9619195, 1199, 0.7444383479648843], [1523754269.6194901, 1299, 0.7562599760574621], [1523754271.2778018, 1399, 0.7580556664006384], [1523754272.9059143, 1499, 0.7505985634477255], [1523754274.5451615, 1599, 0.759751596169194], [1523754276.1917439, 1699, 0.7620211492418196], [1523754277.837021, 1799, 0.7616719872306464], [1523754279.4795306, 1899, 0.7623703112529928], [1523754281.1301165, 1999, 0.7667348363926577], [1523754282.8115606, 2099, 0.758878691141261], [1523754284.483619, 2199, 0.7674830407023144], [1523754286.2512689, 2299, 0.7639415403032722], [1523754287.9996238, 2399, 0.7683559457302473], [1523754289.6582158, 2499, 0.7609736632083002], [1523754291.3498445, 2599, 0.7700518754988029], [1523754293.144353, 2699, 0.7735434956105348]], "hyperparameters": {"current_run": 1, "num_epochs": 10, "batch_size": 32, "log": "logs/twitter/best_dcnn", "model": "dcnn", "learning_rate": 0.01, "embedding_dim": 200, "eval_period": 100, "optim": "adagrad", "dataset": "twitter", "track_mistakes": false}, "title": "best_dcnn_twitter_run-1"}