{"stats/train_loss": [[1523754206.9351635, 99, 0.867367965579033], [1523754208.5672224, 199, 0.7775292319059371], [1523754210.18155, 299, 0.7402425435185432], [1523754211.802213, 399, 0.6854594302177429], [1523754213.4031224, 499, 0.6675798714160919], [1523754215.0401888, 599, 0.6738260567188263], [1523754216.7079468, 699, 0.6133999919891358], [1523754218.349225, 799, 0.613486639559269], [1523754220.061326, 899, 0.5888435766100883], [1523754221.7581224, 999, 0.5683728104829788], [1523754223.3473673, 1099, 0.5853078445792198], [1523754225.0221725, 1199, 0.5314632925391197], [1523754226.6273575, 1299, 0.553450677394867]], "stats/train_acc": [[1523754206.9352117, 99, 0.6325], [1523754208.5672705, 199, 0.673125], [1523754210.1815982, 299, 0.679375], [1523754211.8022614, 399, 0.7171875], [1523754213.403166, 499, 0.7240625], [1523754215.0402377, 599, 0.7240625], [1523754216.707991, 699, 0.7471875], [1523754218.3492737, 799, 0.749375], [1523754220.061377, 899, 0.7521875], [1523754221.7581723, 999, 0.7709375], [1523754223.347415, 1099, 0.763125], [1523754225.0222154, 1199, 0.7840625], [1523754226.6273978, 1299, 0.7759375]], "stats/validation_loss": [[1523754206.9352427, 99, 0.849425095419644], [1523754208.567302, 199, 0.7862548763192566], [1523754210.1816297, 299, 0.7590694057874839], [1523754211.8022916, 399, 0.73576787680221], [1523754213.403193, 499, 0.6817178538058724], [1523754215.0402694, 599, 0.6751624735374024], [1523754216.708019, 699, 0.6566635951316556], [1523754218.3493047, 799, 0.6429397024255891], [1523754220.0614088, 899, 0.6341475288295213], [1523754221.7582026, 999, 0.638035990838898], [1523754223.3474464, 1099, 0.6221926681822239], [1523754225.0222418, 1199, 0.6335066027481463], [1523754226.6274233, 1299, 0.6178852860821026]], "stats/validation_acc": [[1523754206.9352696, 99, 0.6279429369513168], [1523754208.567329, 199, 0.653082601755786], [1523754210.181657, 299, 0.6761272944932163], [1523754211.8023179, 399, 0.6892208699122107], [1523754213.4032164, 499, 0.7138367916999202], [1523754215.0402958, 599, 0.7208948523543496], [1523754216.7080445, 699, 0.7280277334397446], [1523754218.3493314, 799, 0.7336143256185155], [1523754220.0614355, 899, 0.7379289704708699], [1523754221.75823, 999, 0.7426426576217079], [1523754223.3474731, 1099, 0.7423433758978452], [1523754225.0222647, 1199, 0.7430416999201915], [1523754226.6274455, 1299, 0.7487031125299282]], "hyperparameters": {"current_run": 1, "num_epochs": 5, "batch_size": 32, "log": "logs/twitter/best_dcnn", "model": "dcnn", "learning_rate": 0.01, "embedding_dim": 200, "eval_period": 100, "optim": "adagrad", "dataset": "twitter", "track_mistakes": false}, "title": "best_dcnn_twitter_run-1"}