{"data/train_loss": [[1523661690.2189858, 199, 1.0596896678209304], [1523661691.8103063, 399, 0.6193285616487265], [1523661693.3976836, 599, 0.5490017514675856], [1523661694.9770772, 799, 0.47316779181361196], [1523661696.5421243, 999, 0.4183396501839161], [1523661698.0750518, 1199, 0.3849917353689671], [1523661699.629462, 1399, 0.34474972788244485], [1523661701.1752548, 1599, 0.2992303609102964], [1523661702.7429721, 1799, 0.27041387919336557], [1523661704.3051472, 1999, 0.23732059864327312], [1523661705.8522365, 2199, 0.21869654074311257], [1523661707.4412274, 2399, 0.18123086743056774], [1523661708.9936142, 2599, 0.15482511531561613], [1523661710.5305061, 2799, 0.15451932288706302], [1523661712.082173, 2999, 0.12432467315346002], [1523661713.6559546, 3199, 0.10887625283561647], [1523661715.2325191, 3399, 0.1012441376503557], [1523661716.8028467, 3599, 0.09282031774520874], [1523661718.3577998, 3799, 0.07654004734009505], [1523661719.911234, 3999, 0.072957280902192], [1523661721.4678807, 4199, 0.0653619652427733], [1523661723.015004, 4399, 0.06459132711403072], [1523661724.5821161, 4599, 0.05205922162160277], [1523661726.1389804, 4799, 0.0543239360768348], [1523661727.6973808, 4999, 0.05224875613115728], [1523661729.2392197, 5199, 0.04583305325359106], [1523661730.7896166, 5399, 0.04543273529969156]], "data/train_acc": [[1523661690.2190309, 199, 0.65546875], [1523661691.8103564, 399, 0.7459375], [1523661693.397731, 599, 0.7728125], [1523661694.9771261, 799, 0.8128125], [1523661696.5421736, 999, 0.8396875], [1523661698.075099, 1199, 0.85421875], [1523661699.6295109, 1399, 0.86890625], [1523661701.1753027, 1599, 0.889375], [1523661702.74302, 1799, 0.90109375], [1523661704.305195, 1999, 0.9140625], [1523661705.8522844, 2199, 0.92390625], [1523661707.4412768, 2399, 0.934375], [1523661708.9936638, 2599, 0.94984375], [1523661710.5305536, 2799, 0.9478125], [1523661712.0822227, 2999, 0.95859375], [1523661713.6560042, 3199, 0.96375], [1523661715.232567, 3399, 0.96703125], [1523661716.8028946, 3599, 0.96875], [1523661718.3578472, 3799, 0.976875], [1523661719.9112813, 3999, 0.97734375], [1523661721.4679294, 4199, 0.98], [1523661723.0150526, 4399, 0.98140625], [1523661724.5821652, 4599, 0.98390625], [1523661726.1390285, 4799, 0.9828125], [1523661727.6974292, 4999, 0.98328125], [1523661729.2392676, 5199, 0.9853125], [1523661730.7896645, 5399, 0.98546875]], "data/test_loss": [[1523661690.21906, 199, 0.7734816190989121], [1523661691.8103876, 399, 0.5917297969369785], [1523661693.397762, 599, 0.5786033102675624], [1523661694.9771564, 799, 0.5577692023437956], [1523661696.5422044, 999, 0.6495598680947138], [1523661698.075131, 1199, 0.5646290174968864], [1523661699.6295414, 1399, 0.6047429534728113], [1523661701.1753333, 1599, 0.5975271725784177], [1523661702.7430515, 1799, 0.6206610681408126], [1523661704.3052251, 1999, 0.6428948567937249], [1523661705.8523152, 2199, 0.6963259864436544], [1523661707.4413075, 2399, 0.7278194216930348], [1523661708.9936948, 2599, 0.7848562256473562], [1523661710.5305843, 2799, 0.7847792112632938], [1523661712.0822556, 2999, 0.8184316777016806], [1523661713.6560364, 3199, 0.9047633005387109], [1523661715.2325985, 3399, 0.9328095576037532], [1523661716.8029256, 3599, 0.9188488522625488], [1523661718.3578782, 3799, 0.9862929981039918], [1523661719.911312, 3999, 1.0110583157966966], [1523661721.4679604, 4199, 1.0454249796660051], [1523661723.0150845, 4399, 1.0881874987288662], [1523661724.5821962, 4599, 1.0881290845572948], [1523661726.1390598, 4799, 1.1088725771431043], [1523661727.6974602, 4999, 1.2067913671793498], [1523661729.2392983, 5199, 1.1501225890672726], [1523661730.7896955, 5399, 1.1933902532024228]], "data/test_acc": [[1523661690.2190855, 199, 0.6844429347826086], [1523661691.810416, 399, 0.7601902173913043], [1523661693.3977892, 599, 0.7659646739130435], [1523661694.9771845, 799, 0.7832880434782609], [1523661696.5422308, 999, 0.7639266304347826], [1523661698.0751588, 1199, 0.7822690217391305], [1523661699.6295679, 1399, 0.7792119565217391], [1523661701.1753607, 1599, 0.787703804347826], [1523661702.7430792, 1799, 0.7958559782608695], [1523661704.3052518, 1999, 0.7829483695652174], [1523661705.8523414, 2199, 0.7849864130434783], [1523661707.4413352, 2399, 0.7792119565217391], [1523661708.9937222, 2599, 0.7822690217391305], [1523661710.5306118, 2799, 0.7771739130434783], [1523661712.0822833, 2999, 0.779891304347826], [1523661713.6560643, 3199, 0.7737771739130435], [1523661715.232626, 3399, 0.7690217391304348], [1523661716.8029525, 3599, 0.7724184782608695], [1523661718.3579056, 3799, 0.7676630434782609], [1523661719.9113393, 3999, 0.7713994565217391], [1523661721.467988, 4199, 0.7608695652173914], [1523661723.015112, 4399, 0.7533967391304348], [1523661724.5822232, 4599, 0.7676630434782609], [1523661726.139087, 4799, 0.7727581521739131], [1523661727.697487, 4999, 0.7680027173913043], [1523661729.2393255, 5199, 0.7697010869565217], [1523661730.7897224, 5399, 0.7703804347826086]], "hyperparameters": {"epochs": 20, "batch_size": 32, "log": "logs/test2", "model": "dcnn", "learning_rate": 0.05, "embedding_dim": 60, "eval_period": 200, "optim": "adagrad", "dataset": "twitter"}}