{"stats/train_loss": [[1523686688.577762, 199, 3.7295807099342344], [1523686738.2226026, 399, 1.242114546597004], [1523686786.995595, 599, 1.0179367735981941], [1523686835.863311, 799, 0.9479668110609054], [1523686884.869476, 999, 0.9099766519665718], [1523686932.556974, 1199, 0.8702014783024787], [1523686981.9030137, 1399, 0.8545897251367569], [1523687030.5350995, 1599, 0.8436329329013824], [1523687080.7223914, 1799, 0.8327054512500763], [1523687129.4415414, 1999, 0.8154066124558449], [1523687178.5424442, 2199, 0.8074214699864387], [1523687226.7003012, 2399, 0.8041120266914368], [1523687275.9041057, 2599, 0.7934024846553802], [1523687325.7600148, 2799, 0.8029020404815674], [1523687375.7957003, 2999, 0.7717966815829277], [1523687425.1240919, 3199, 0.7738426432013512], [1523687475.380263, 3399, 0.7749891877174377], [1523687524.1396892, 3599, 0.7715936014056206], [1523687573.6144547, 3799, 0.7642086806893349], [1523687621.9413152, 3999, 0.7403867915272713], [1523687672.124399, 4199, 0.7502386477589608], [1523687722.2841413, 4399, 0.7534143349528313], [1523687772.262696, 4599, 0.7440635392069817], [1523687821.893868, 4799, 0.7234365916252137], [1523687871.3664973, 4999, 0.7138575381040573], [1523687919.7331283, 5199, 0.7185028833150864], [1523687969.7945554, 5399, 0.7283727103471755], [1523688019.4499586, 5599, 0.7338169068098068], [1523688068.782863, 5799, 0.6876870521903038], [1523688117.254471, 5999, 0.6948740193247795], [1523688167.5122898, 6199, 0.6933016815781593], [1523688217.2192953, 6399, 0.7047962108254433], [1523688266.1101139, 6599, 0.7039303174614906], [1523688315.4348032, 6799, 0.6700692465901374], [1523688364.3991494, 6999, 0.6784242752194405], [1523688413.6956103, 7199, 0.6836168652772904], [1523688461.2192144, 7399, 0.679989266693592], [1523688510.0665908, 7599, 0.6557292655110359], [1523688559.1349232, 7799, 0.6445250189304352], [1523688608.3117251, 7999, 0.6562612457573413], [1523688658.1502986, 8199, 0.6644457490742206], [1523688707.7165177, 8399, 0.6613106387853622], [1523688757.7506802, 8599, 0.6225289170444012], [1523688807.7503295, 8799, 0.6306972624361515], [1523688856.2202153, 8999, 0.6228505545854568], [1523688905.6330612, 9199, 0.6313316902518272]], "stats/train_acc": [[1523686688.5778053, 199, 0.3508203125], [1523686738.2226446, 399, 0.494140625], [1523686786.995639, 599, 0.56984375], [1523686835.863354, 799, 0.601875], [1523686884.8695185, 999, 0.614921875], [1523686932.5570166, 1199, 0.63125], [1523686981.9030583, 1399, 0.6355859375], [1523687030.5351431, 1599, 0.6428125], [1523687080.722434, 1799, 0.645], [1523687129.4415848, 1999, 0.6534765625], [1523687178.5424886, 2199, 0.6565234375], [1523687226.7003446, 2399, 0.660703125], [1523687275.9041474, 2599, 0.66375], [1523687325.7600577, 2799, 0.6582421875], [1523687375.7957428, 2999, 0.67640625], [1523687425.124135, 3199, 0.6717578125], [1523687475.380305, 3399, 0.671640625], [1523687524.139733, 3599, 0.675390625], [1523687573.614499, 3799, 0.67328125], [1523687621.9413612, 3999, 0.687890625], [1523687672.1244419, 4199, 0.6818359375], [1523687722.284203, 4399, 0.6812890625], [1523687772.2627387, 4599, 0.6832421875], [1523687821.8939114, 4799, 0.6926953125], [1523687871.3665397, 4999, 0.69765625], [1523687919.7331715, 5199, 0.6937109375], [1523687969.7945979, 5399, 0.68984375], [1523688019.4500027, 5599, 0.6880078125], [1523688068.7829065, 5799, 0.7090625], [1523688117.2545142, 5999, 0.705234375], [1523688167.5123332, 6199, 0.7083203125], [1523688217.2193398, 6399, 0.701328125], [1523688266.1101568, 6599, 0.7045703125], [1523688315.4348466, 6799, 0.721171875], [1523688364.3991919, 6999, 0.712421875], [1523688413.6956544, 7199, 0.7109765625], [1523688461.2192569, 7399, 0.711328125], [1523688510.0666342, 7599, 0.723984375], [1523688559.134967, 7799, 0.7284375], [1523688608.3117676, 7999, 0.7219140625], [1523688658.150341, 8199, 0.7169140625], [1523688707.71656, 8399, 0.720234375], [1523688757.7507248, 8599, 0.7426171875], [1523688807.7503736, 8799, 0.73421875], [1523688856.2202606, 8999, 0.73796875], [1523688905.6331038, 9199, 0.7364453125]], "stats/test_loss": [[1523686688.577835, 199, 1.2734371821720378], [1523686738.2226818, 399, 1.0888636573054158], [1523686786.9956677, 599, 0.9866168407586436], [1523686835.8633823, 799, 0.9262288018537406], [1523686884.869548, 999, 0.9338945816880979], [1523686932.557046, 1199, 0.8974486101930514], [1523686981.903088, 1399, 0.9600640638186909], [1523687030.5351727, 1599, 0.8717251579982405], [1523687080.7224646, 1799, 0.8961158602382429], [1523687129.4416146, 1999, 0.8839720251461187], [1523687178.5425184, 2199, 0.8590683123935907], [1523687226.7003732, 2399, 0.8766700652079841], [1523687275.9041762, 2599, 0.8541947966947342], [1523687325.7600873, 2799, 0.8835683482142683], [1523687375.7957723, 2999, 0.8614246517705461], [1523687425.1241648, 3199, 0.8849057559007273], [1523687475.380335, 3399, 0.8457280281252755], [1523687524.139763, 3599, 0.8626883506013182], [1523687573.614528, 3799, 0.8491539303867962], [1523687621.941392, 3999, 0.8488264163842978], [1523687672.124472, 4199, 0.838183826531846], [1523687722.2842371, 4399, 0.8283050597285311], [1523687772.262769, 4599, 0.8113928246802796], [1523687821.8939404, 4799, 0.8252369144473213], [1523687871.36657, 4999, 0.8191065712096973], [1523687919.7332017, 5199, 0.822428328541521], [1523687969.794628, 5399, 0.8187276016409024], [1523688019.450033, 5599, 0.8241577133203086], [1523688068.7829368, 5799, 0.8415123763175818], [1523688117.2545428, 5999, 0.8289254321077], [1523688167.5123625, 6199, 0.8064069635571002], [1523688217.2193692, 6399, 0.8113723692421715], [1523688266.110187, 6599, 0.8164088269011281], [1523688315.434877, 6799, 0.8245817325747432], [1523688364.3992212, 6999, 0.8337929347833506], [1523688413.6956842, 7199, 0.8249191582774202], [1523688461.2192862, 7399, 0.8247588198786726], [1523688510.0666707, 7599, 0.8535453601005359], [1523688559.1349998, 7799, 0.8559067666340179], [1523688608.3117967, 7999, 0.8622214660857813], [1523688658.1503704, 8199, 0.8305316308435922], [1523688707.7165887, 8399, 0.8574071299915497], [1523688757.7507532, 8599, 0.8544719999971481], [1523688807.750402, 8799, 0.8410257306723549], [1523688856.2202947, 8999, 0.8309792920042531], [1523688905.633134, 9199, 0.82930208947331]],